bp,foldability,seq
2,0.9131324536319102,A
4,0.4583075346357242,AA
2,0.8363925719074529,A
4,0.6950999684811372,CA
2,0.9109898664386926,AU
2,0.7601282738651166,A
2,0.7277333256021996,A
4,0.7623153155096537,AA
3,0.711100556366391,AA
2,0.753006205369542,AU
2,0.7604115966408092,A
6,0.807049810570187,AA
4,0.7995040184078407,CA
4,0.7499774970542273,AA
2,0.8202350650091731,AU
1,0.7827733166978504,GC
2,0.8535851801859167,AU
1,0.7785210614804445,GC
2,0.8243692308453353,AU
2,0.8943719912074518,AU
4,0.7505706027898729,CA
3,0.7186815455008961,UGGUGUGGUU
3,0.7186815455008961,UGGUGUGGUU
4,0.8729455183773315,AA
4,0.8611355313027415,AA
1,0.7827733166978504,GC
3,0.7186815455008961,UGGUGUGGUU
4,0.6710591992129661,AA
4,0.8682716389516354,AA
2,0.7763124964121061,UGUUGAGUGCAAUCGUAGGACAAGAA
4,0.7832396780797289,AA
4,0.6660158522740945,AA
3,0.6892073648199829,ACC
3,0.7336353245139758,U
2,0.7497054886444635,UU
4,0.6837831533770381,C
4,0.2957284028469461,C
4,0.7333740407026009,C
1,0.6259644386259731,U
3,0.8842286349564271,U
1,0.4164803201284552,U
1,0.4164803201284552,U
2,0.6706140777343229,UUCUCAUGUUAAACCUUUGUUACUUUUUUUAUUAUUUAGAAAAGAUGUAAGUG
2,0.7013124502331713,UUAGCUAAAU
3,0.7755734406835415,AUUAAGUGAUUUAUUAGAUAAUCGAAAACAGAGGA
3,0.6087782253335272,AACCGAUAUGCCCUUAGGCACGGCCAUA
2,0.7572682340257293,ACAAUAUGGGGUAAAAAAGCCAAAAUAAGUGAUUUUAG
6,0.6041917815099508,GCGGCGGAUGUCAGCGGUUCGAGUCCGCUUAUCUCCAACUCGUGAACUUAGCCGAUACAAAG
3,0.3860316439557596,ACGGGCGAGGUCUCUGGUUCAAGUCCAGGA
6,0.7138566066185101,ACCGAGAAGGUCUACGGUUCGAGUCCGUAUAGCCCUAUAAA
3,0.6102289589499149,UGACUC
3,0.7884966487648946,AAUAA
3,0.7493656642503975,CAAUAA
3,0.5973227904514316,AAUGAGCCGUCUAUCGAAUCGUUGCAAUUGAUGUUCGAUCCCGAAGAGAAGGAAAAGAUCUUCGGAAAGUGGGUUUUUAUGAUCCGAUAAAGAAUCAAACUUA
1,0.8141467657015187,UAACCC
6,0.862149669370506,AAGCUC
3,0.37560294611203227,AAUAGCGUUUAUUUGGAGCUCAAU
1,0.8777154749417301,ACUUU
3,0.6412984565316914,CU
2,0.6214883686783172,CCC
3,0.29515348957645016,C
2,0.5809726868546319,ACU
2,0.6496792690559008,ACU
3,0.5779714770288772,CCU
3,0.8179509008417555,ACC
3,0.6769129847618126,A
2,0.7885831066446456,C
1,0.6274724625523451,C
1,0.6438041136321412,C
3,0.8100619466145659,U
1,0.8200587525436641,C
3,0.6641310060499426,AGU
3,0.8280675713600185,CCUACU
3,0.4953806818353716,UU
3,0.5621396992393951,A
6,0.80646069387403,UUU
3,0.7783985304598761,UUU
3,0.8716577465149119,ACU
3,0.5884131396317801,ACU
1,0.4164803201284552,U
1,0.9147126979697878,AAA
3,0.8951396164258613,UU
3,0.8395210194710575,CU
3,0.8283921751409268,AU
3,0.8685349868064302,UU
3,0.8748264681414075,AU
3,0.7946299237531099,UU
3,0.7780548573673209,UU
3,0.8923892750749035,CU
3,0.643887147864425,UU
3,0.8355739341091295,UU
3,0.8863870518115256,UU
3,0.8923892750749035,CU
3,0.5347939321784475,UU
3,0.9021224449701974,U
3,0.9021224449701974,U
3,0.7797888290804074,CU
3,0.8891769161158638,UU
3,0.8329074305466889,AU
3,0.8233330251518401,CU
3,0.7298288150456769,CU
3,0.8560182449774991,CUCGUCCACAACUUUUU
3,0.8719821843560461,UU
3,0.8188748958769245,UU
3,0.8059292771179597,UU
3,0.8726083298567099,UC
3,0.8757493957205409,UU
3,0.8084947358019952,CU
3,0.8889898694219376,UC
3,0.8710372108357501,AC
3,0.820235255443645,UU
3,0.8841540175436925,UU
3,0.8613502132929264,UU
3,0.8188223513646723,AU
3,0.8841540175436925,UU
3,0.842565371583228,UUU
3,0.842565371583228,UUU
3,0.842565371583228,UUU
3,0.842565371583228,UUU
3,0.842565371583228,UUU
3,0.907196327004226,AU
3,0.702466656739216,UU
3,0.6812268325142125,AU
3,0.8740142237399029,UC
2,0.8497790880211842,UU
3,0.909462467035498,UU
3,0.8345669883677516,UU
2,0.8970265152064422,CC
3,0.90642108761775,CC
3,0.842565371583228,UUU
3,0.471179689196477,UU
3,0.6162370134715716,UU
3,0.842565371583228,UUU
3,0.5583987212763253,UU
3,0.8748387850122399,UU
3,0.8646098676966809,UU
3,0.5006881657308508,UU
3,0.9058647079396572,C
3,0.7141115732423886,C
6,0.5599455109273364,UU
3,0.8605038130267607,UU
3,0.9050057264911474,UU
3,0.8787518736055028,CU
3,0.7836018738610842,UC
3,0.7294908676740253,UU
3,0.8175846792892203,CC
3,0.8365098390637303,AU
3,0.8473464447813441,UCCACAACACUC
3,0.902546415105793,CU
3,0.842565371583228,UUU
3,0.842565371583228,UUU
3,0.842565371583228,UUU
2,0.79470359355888,U
3,0.8310877244647955,UU
3,0.8817741570761537,UU
3,0.8677296234016352,UU
3,0.6839145549001671,AU
3,0.9006149408994746,U
3,0.8703760109269361,CC
3,0.8671558356039697,CC
3,0.8671375750649974,UU
3,0.8307287719010388,CC
3,0.8924278965639969,CU
3,0.8953433253683495,UU
4,0.43218471933143415,CC
3,0.8886519128629901,G
1,0.42920619935141385,U
3,0.8450077991208794,AU
3,0.5557361956709029,C
3,0.9185629948854144,A
3,0.9184700818992142,A
3,0.9422807676906374,A
3,0.954454734391846,A
3,0.9137644475189288,A
3,0.7607496541570232,ACCA
3,0.9783113554243892,A
3,0.7744492318648225,ACCC
3,0.8240061054727222,C
3,0.8416720328568358,GUC
6,0.9512537023765756,AU
2,0.7905069645205008,ACCA
4,0.4128328226218888,GAAAAUGCACU
3,0.923744989303886,A
2,0.0956511598506392,UUU
4,0.1539803847617219,U
3,0.8771920646045149,C
4,0.6005371840607171,CC
4,0.33051530392547485,G
3,0.8301567789678719,GUC
3,0.8838788730181324,ACCA
3,0.7800617856583408,AGCCA
3,0.7936914774934872,AGCCA
3,0.7836490294731154,AGCCA
3,0.7934798508904133,C
3,0.5301672186728639,AC
3,0.5025779982631238,ACCA
4,0.3497154597018698,GCC
3,0.4438008830096111,ACCAAA
3,0.821171207472935,AGCCA
3,0.8426126347561997,AGCCA
3,0.4750033024719821,ACCAAA
4,0.58943787964538,A
3,0.25348481871207285,ACCA
6,0.600197929009219,A
4,0.05167603751609918,GGCC
3,0.10015050235595037,GCU
3,0.5877350426736427,AAAAAAAA
3,0.5738246705272061,C
3,0.009834598963688095,CCCC
3,0.5263321005930988,ACCAAA
3,0.5263321005930988,ACCAAA
3,0.8203039997332675,AGCCA
3,0.8281914191686215,AGCCA
3,0.9040739596444736,UUUU
3,0.821171207472935,AGCCA
3,0.8352555712847894,AGCCA
3,0.8439922781649744,AGCCA
3,0.8052394471643052,AGCCA
3,0.5301672186728639,AC
3,0.5301672186728639,AC
3,0.8312699536969531,UCCA
4,0.022462709255973483,G
3,0.801838231293203,C
3,0.009834598963688095,CCCC
1,0.566027629650022,UU
3,0.3586719290073608,ACCAA
3,0.8805070788305583,A
6,0.565869062336244,UUU
3,0.7557848543684256,CUCCGAGGUCCGA
3,0.9521139162444744,AAAA
3,0.771709009829162,C
6,0.565869062336244,UUU
3,0.8281914191686215,AGCCA
3,0.7903964076376472,ACCA
3,0.3977331961034666,ACCA
1,0.9796063061881708,G
4,0.8995341284246597,C
3,0.6649194919987057,A
4,0.029004347546293538,CG
4,0.3913598105717913,UCA
3,0.9752164000582612,AAG
1,0.8677191045526166,U
6,0.91727078541676,G
1,0.7275000935954444,UG
1,0.8480995650246095,UG
3,0.6181553504308215,C
3,0.392205428320655,AC
3,0.43783720956101824,AGG
3,0.5025779982631238,ACCA
3,0.4884617661727132,ACCAAA
3,0.5263321005930988,ACCAAA
2,0.2281490371058819,ACC
4,0.42421930700681815,GACG
4,0.4681878907275001,G
3,0.2758971696086409,CUAGGGGACGC
3,0.7513784448673952,ACCA
3,0.3946544543381364,A
3,0.695536782534965,AC
3,0.695536782534965,AC
3,0.6871709888886793,ACC
3,0.6871709888886793,ACC
3,0.7225668900311487,ACCA
3,0.6871709888886793,ACC
3,0.5263321005930988,ACCAAA
3,0.956402327416798,UUU
3,0.8129584605247732,U
3,0.6693043232323932,A
3,0.7196087557127963,A
3,0.6693043232323932,A
3,0.7400876300368686,A
3,0.8251104651700947,A
3,0.6028384530845741,A
3,0.8010041323313948,ACA
3,0.7542035314237571,ACCA
1,0.7806145564005987,U
4,0.06834927279148001,G
3,0.8851539121333284,A
6,0.8342186283230498,UCA
3,0.8281914191686215,AGCCA
3,0.8052394471643052,AGCCA
4,0.0711933428767526,G
4,0.10131541191839002,G
3,0.7622233359464257,G
2,0.8736057008659711,G
2,0.9240582698045312,U
2,0.9280985657739441,C
2,0.8996407946046954,G
2,0.9280122453251469,C
2,0.8344635882996013,G
2,0.8857008777438259,G
2,0.8373868296434205,G
2,0.9327822731839952,G
2,0.9042024444894108,G
2,0.9445554998809262,G
2,0.9131990531088564,G
2,0.7486529359454506,G
2,0.7691809982641966,G
2,0.8641127325513157,A
2,0.8607651306488298,G
2,0.9347822624714656,U
2,0.918373297275044,G
2,0.9153142987312748,G
2,0.9219540338930652,U
2,0.8976853636515298,G
2,0.856698346611715,G
2,0.9535592599420823,U
2,0.921494529978552,G
2,0.9435843305866504,A
2,0.8105330106796258,G
2,0.8921771536648694,G
2,0.8517593626593172,G
2,0.8712226405070366,G
2,0.8246752008729147,G
2,0.9333599159528728,G
2,0.9193016201966894,G
4,0.6452350770925436,C
4,0.5943340339942323,C
3,0.8504820661849974,GAA
3,0.8156653332308588,GAA
2,0.9375057709119728,C
2,0.9199975817287886,G
2,0.9120477433042992,G
2,0.8685562418360158,G
2,0.8682561602541743,G
2,0.8754898668870131,C
2,0.89195118342833,G
2,0.8484259351082091,C
2,0.8972526420254068,C
2,0.904692617442674,G
2,0.8858472941380113,G
4,0.9361812630638644,C
4,0.9495807672915773,C
2,0.8818117570495992,C
2,0.9002492611887459,G
3,0.7387222047626562,UU
3,0.8640588108719524,UU
2,0.7590109475339818,UG
3,0.8629750318054407,UU
3,0.8757256611407305,AA
3,0.9215163449889054,U
3,0.8701368657034244,UU
6,0.8161304959943347,UU
3,0.6938962236352982,CU
3,0.8758282716839061,UU
3,0.7653114659688673,UU
2,0.8673385373294025,UU
2,0.8475456564286232,UU
2,0.9665428780559596,AUUUUUUUU
2,0.7538149647974287,CAUCUUUUUG
2,0.9175373646710198,CAUCUUUU
2,0.8606139987643997,CAUCUUUU
2,0.766272585070173,CAUUCUUUU
3,0.812075931328012,UAUCUUUU
2,0.978001877962798,AUUUUU
2,0.9618825983719852,AUUUUU
2,0.9514864304584632,AUUUUUUAU
2,0.966856197657712,AUUUUUCUU
1,0.6734205293727389,UAUUUUUU
1,0.6739186762780693,UAUUUUUU
1,0.5513510132906482,UAUAUUAUUU
4,0.6745136836949451,UAACCCAAUGGAGCU
4,0.8260564011206324,UA
4,0.7946135481727492,UAACCCAAUGGAGCU
3,0.4962603264426878,UAACUAAACGGGGCU
3,0.5015646838636294,UAACUAAACGGGGCU
6,0.9001817218322461,AGUCGUCAA
3,0.9147288522628232,UAACGCCAA
6,0.9351663998111488,UGUCGAUAA
3,0.9168195721720648,UAACGCCAA
6,0.8419443166392232,AGUCGUCAA
6,0.9057153085955868,AGUCGUCAA
1,0.7200124406326075,GAUU
1,0.5106689977704961,GAUU
1,0.20026907721553208,GGGA
2,0.09352332722961,AUUA
1,0.1487972463275699,GGGA
1,0.1673188494089571,GGGA
1,0.4607974249619041,GGGA
1,0.5437341896802085,GAUU
1,0.19410735369364165,GAUU
1,0.35272011962897154,UUAA
1,0.2513940891438155,GAUU
2,0.4079578604903583,GAUA
1,0.1673188494089571,GGGA
1,0.3779261258598071,GAUC
1,0.6210313752722939,CAUU
1,0.7344088963321322,G
3,0.595018878163639,C
2,0.6214498992756273,C
2,0.5249291100867388,A
3,0.596930039999593,C
4,0.7402855845913989,U
2,0.8303090201554035,A
2,0.8291550847403318,A
2,0.5640035764704149,A
2,0.8172935687408517,A
2,0.5589795829403654,A
2,0.7283058227594408,A
4,0.8390228064558296,U
3,0.7012088577145732,C
3,0.4859535181269546,C
3,0.37963411110728257,C
3,0.5098842472145664,C
3,0.6187659882062465,U
3,0.6165164342897421,C
3,0.5424720854873026,C
3,0.7903620176984042,U
3,0.36968379440665855,C
1,0.8999185432182998,U
1,0.7275920217045935,U
2,0.5660451150794797,A
2,0.7268644172275235,A
3,0.6959105329642662,C
2,0.7242466616885036,U
2,0.5967015997817801,A
3,0.8020251697358336,G
2,0.7064307913769757,G
2,0.7960223009745542,C
3,0.6347883688668868,C
4,0.691433692085902,AC
4,0.7391619967178921,AC
4,0.9072409138839906,C
4,0.7479951250732353,AC
4,0.7169780435020946,AC
4,0.664041356801457,AC
4,0.822281806497211,AC
4,0.890670182380812,C
4,0.7419145391070915,AC
4,0.9213385242186408,GC
4,0.8036632878320704,CC
4,0.8487689588668993,AC
4,0.9082074059030736,C
4,0.7496071700867902,AC
4,0.7905209968675768,AC
4,0.8832760133139644,C
4,0.8082917986533372,AC
4,0.9063266817356938,C
4,0.8583324653220742,AC
4,0.7866443969737758,AC
4,0.8451414750666599,UC
4,0.9062327970059082,GC
4,0.7876783433629864,AC
2,0.9860670732638396,AAAACAUUCCCUUAAUAAUAAGUAGG
2,0.9287728971832554,C
2,0.8144026344468207,C
2,0.8726525582773058,C
2,0.8713475523997525,C
2,0.7933534444140746,C
2,0.8150158549600315,C
2,0.9050013177501556,C
2,0.7191073639898512,C
2,0.7561812501173758,C
2,0.8739361231871601,C
3,0.4675461426445648,UCCA
3,0.5147583834606138,GCCA
1,0.7091602680367742,G
3,0.49698733301704495,ACCA
1,0.5698888384927718,A
6,0.750475302895006,ACCA
6,0.6546930510224501,ACCA
3,0.4011738364251308,GCCA
3,0.5242659245838278,GCCA
3,0.6384626955918791,GCCA
3,0.5000996316397003,ACCA
3,0.6209453042559733,ACCA
3,0.6708033375608602,A
3,0.3144368973968034,ACCA
3,0.16751345045390054,ACCA
2,0.4260567932177558,ACCA
3,0.5633515096209082,GCCA
3,0.5773786458304668,UCCA
3,0.8199269252340776,U
3,0.3731180772691551,ACCA
2,0.7580407056750158,GCCA
4,0.5294643403175396,UCCA
2,0.5471036415304619,A
4,0.5137726671014043,ACCA
3,0.91604973698258,ACCAUUU
6,0.8743354646483171,UUUU
4,0.3661760407522831,GGCC
3,0.4016518033757745,ACCUUUU
3,0.7867200459120073,ACUGUU
6,0.8197340722351047,UUUUUUU
2,0.6499873849263289,U
1,0.6795918239569857,UCUUCUUUUU
6,0.865908380661533,U
3,0.7083648180607569,ACCCCGAACA
3,0.04771233375558244,ACGG
4,0.8062742413838465,UUU
6,0.5065600863156889,AUUU
6,0.5568982468619602,AUCU
6,0.5305818643378594,UUU
2,0.4283722114741204,UUCU
2,0.5577283711293743,U
3,0.6991123302130648,UACCGGUAUCCCU
5,0.7586895810969864,CUUU
4,0.9231407625600276,UUGA
3,0.6991123302130648,UACCGGUAUCCCU
3,0.6991123302130648,UACCGGUAUCCCU
3,0.5333726673044226,UUA
6,0.8486049307786199,UUUU
6,0.46901169339654497,ACCUGUUUU
5,0.7510985076027215,CUUUU
3,0.4583509435001972,ACCCUUUCU
3,0.4583509435001972,ACCCUUUCU
3,0.9620838385462014,UAUA
3,0.8976271880869819,CUAAA
3,0.6563011817712711,ACCUCCG
3,0.6563011817712711,ACCUCCG
3,0.7888345862146082,AUU
3,0.8467379072228015,AUUU
2,0.8644468456435108,UU
3,0.848943136050241,ACU
3,0.8364248381882513,AUUU
3,0.7674505417071061,AUC
1,0.4016836646674874,AAA
2,0.8750641657132737,A
1,0.7378406524132299,U
1,0.7828192714286752,UUUUU
1,0.17341760716046284,UUUUUUUUU
3,0.3561763087772139,U
3,0.5422576275170257,ACCUCAUUUUCCUCGAAAUU
6,0.4060433042836651,UUU
6,0.343562478116595,CUUUU
2,0.6905713729048344,UAC
3,0.3159557141589535,CUAAGGAGAGUUUUCUUUUGCUAAAAGAAUGUUCUCCAACUUACUC
3,0.840707867081581,UUUU
3,0.840707867081581,UUUU
3,0.6613096800146642,CUUUU
2,0.6214726530558903,UAC
3,0.9561303616678204,UUCG
3,0.7540221440905612,ACCCCUCCC
3,0.8018501630963634,UUU
6,0.1853518550959996,UUUUU
6,0.8980984289766634,U
2,0.7819922239968048,UUUU
2,0.7852674412105445,UUUU
3,0.6536952998866716,CCCUUU
3,0.6197913385590096,CCCUU
3,0.6034622584082441,CCCU
3,0.5502492107171482,UUUU
6,0.8531343101269988,UUUU
6,0.7888406330606225,UU
3,0.6591386817121909,UUUU
3,0.5412435080305843,CAAUUUUUUUU
3,0.6349907536149151,UUUU
3,0.07002694455447328,CCU
3,0.6102966804150475,GAACAAA
3,0.6419543564460429,UAUU
3,0.8007836375472138,UUUU
3,0.8454193707840338,UUU
3,0.8811908569159742,UUUU
3,0.8704968427479971,UUUU
3,0.8766508227149594,UUUU
3,0.85480190420869,UUUU
3,0.8267751350403978,UUUUUU
6,0.675732627846853,U
6,0.7575061199525613,AA
2,0.6888075833567828,U
3,0.604687379556308,ACCAAUU
3,0.8244334267657586,ACCC
6,0.6392596549135614,GG
6,0.7953229879566721,U
6,0.6657155911924842,CU
3,0.6093423413936119,C
2,0.32779398521540315,GU
3,0.2449538520152943,UUU
6,0.2253156631059296,UU
2,0.8472660958676598,UUU
6,0.941854840832596,CUAUU
3,0.8609247107775945,ACCUUUUUGGUAAAAGGUAAUACCG
3,0.8696847474955685,GCC
3,0.25906275662843786,AC
6,0.532287119091294,CCAUU
3,0.4957514255674893,AC
6,0.9691688168841844,UAGAUUU
2,0.3798145538909566,UUUUUUUU
3,0.3740459215652955,UUU
3,0.528385859067938,U
2,0.2541061555875744,UUUUUU
6,0.2670779041454149,UUUUUUU
6,0.7057472147640207,UUUU
6,0.8424539980221547,UUUU
4,0.8362596528269551,UUUU
3,0.6187351266363116,GCCCAACU
3,0.8095745759776486,GCCCAACU
3,0.6187351266363116,GCCCAACU
6,0.2838207745455929,CUUUU
3,0.19262891726517373,UAAA
1,0.8086546820416202,CUAA
3,0.8120393373177237,UAA
1,0.5252948009548996,UUUUU
3,0.7181121604352414,UUUU
3,0.692272609062151,UUUU
3,0.22751982130136345,CACCCAACU
6,0.84101236815595,UUUU
3,0.5060857863902647,ACCUCAU
3,0.8942026797209295,CAACA
6,0.7174236200703427,U
3,0.8378085192823512,UUU
3,0.727690684888493,CGCCCAUU
3,0.7679765057767683,ACUUUU
3,0.8432990969106183,UUUUU
3,0.6177046243012093,UUCACGUUU
3,0.5800040374823977,UUUU
3,0.7451835266740021,UUUU
3,0.5627897730656245,CC
3,0.5257493218259558,CCUUCA
3,0.9345680537319362,UUUU
6,0.9148361814882191,UUUU
6,0.9151412698337758,UUUU
3,0.8054089044845413,UUUUU
6,0.8697315718678106,CUUUU
3,0.752012086578994,GCCCUAUU
2,0.9016353426508544,CUUUUU
6,0.4968310266623521,GCCGUACC
2,0.8025647089909369,U
3,0.8633421134388027,ACCCGUAUU
3,0.4784705404472239,CCUUAA
3,0.919227415111646,GCCCUAUU
3,0.9879874399610176,UAAA
3,0.6905247384963461,UUU
3,0.628327574945588,C
3,0.8028373771775481,UUUU
3,0.6631835613435966,U
2,0.9568354931385176,UUUU
3,0.7816349661800741,ACCCAACG
1,0.22724963284150426,AACAUUUU
1,0.23979720984108235,AACAUUUU
1,0.224880623042172,AACAUUUU
6,0.6425718112701797,CGCCAAUU
6,0.6229549650153503,CCACCCAUCU
3,0.2385463745168627,UUUU
3,0.6192116593019432,AUUUU
3,0.1317334753818686,ACCG
2,0.8001427399083741,ACACCAUUUCUCC
6,0.3533547709459305,UU
6,0.9284072371519108,GUUUU
3,0.7979835954651112,GU
3,0.5772650330111123,CCUUUU
3,0.6997512937426454,ACCUAAA
3,0.4389920889678299,ACC
3,0.7482088135762835,UCC
3,0.7736529681528528,UCCAUUU
3,0.8337700041181524,ACCUAUCU
3,0.6133908515982036,GUGCCCGCCGCCGCUAG
4,0.3735751761197488,C
3,0.7809658406599499,CCCCUUCU
3,0.5730937778239481,U
3,0.4397702911716738,UU
2,0.3045240369476107,UUUUU
6,0.4857102822937708,ACCUCAUUU
3,0.8076510057078129,AUUA
6,0.9599865323135524,AUCA
3,0.7041326854026778,AUUUUU
3,0.7190416269977675,AUUUUU
6,0.7710664235689431,UUUUU
6,0.7003233020118274,UUUUU
6,0.7073142576186361,UUUU
3,0.8513721882269768,ACCCAAUU
3,0.8513721882269768,ACCCAAUU
3,0.8513721882269768,ACCCAAUU
3,0.8516328360869552,ACCCAUUU
2,0.6983040759084164,UUU
6,0.9318782547363046,UUU
5,0.8712656449322915,UU
2,0.3050189513244381,UU
3,0.6808988973704115,UCCAAAU
3,0.8577463766744403,ACCCAUUU
3,0.8577463766744403,ACCCAUUU
3,0.4219888150886457,ACCUUCU
2,0.5718125218219652,UUUUU
6,0.8760652104478501,UUUU
6,0.8760652104478501,UUUU
3,0.2997455080099987,GCUUGC
6,0.8454906144414168,UUUU
6,0.8454906144414168,UUUU
6,0.8709307260287112,UUUUU
6,0.8182170851890556,UUUU
6,0.8186628601682931,UUUU
6,0.8186628601682931,UUUU
3,0.7724429164532146,AU
3,0.7922960236289868,AU
4,0.3214042123080905,AUGUGGCGGAAUUGG
3,0.5742316958653921,ACCCAACU
6,0.828257379852736,UU
2,0.8023782565340933,U
3,0.5429906795390917,UUCUGAUCGGC
3,0.8849002578322884,ACCCUCUG
3,0.07288871053610024,CGGUCCGGAGAAGUCGACGGUGGGUGCGUGG
2,0.33868283274225003,U
3,0.6694598286601958,GCUU
4,0.7798467835554577,GUUUU
4,0.23198910972320874,G
3,0.3422867115028567,UGCACUCCUAGGCCGCUUGGGCCUCGUAGCCUACUCCAGCGACCACCAUC
6,0.23184598843299786,U
3,0.7873479511826124,UUACCUUUU
6,0.5969632599908941,CUUGC
6,0.5969632599908941,CUUGC
6,0.7059627254702243,UUU
2,0.9565926296072575,UAA
1,0.8549253197474282,CCCUUUAAA
1,0.8596689373406858,CCCAUUA
1,0.8320182467367487,CCCAUUA
1,0.9612207539146012,AAUU
3,0.9450841173182224,UAUU
3,0.9601392708934816,UAUU
3,0.763982421152995,ACCCCACUC
3,0.8493179809678779,U
6,0.8005029390013322,U
3,0.7648517569350537,UCUC
3,0.7525345513244551,ACCAAUU
3,0.7683185319474333,AAUG
3,0.7683185319474333,AAUG
3,0.9886872902112402,ACCA
